Crop,Bed,Weight (kg),Date,Volunteer
Kale,B4,0.6,6/5/2027,keisha.brown@example.com
Basil,B1,2,6/9/2027,gabe.martinez@example.com
Kale,B4,1.8,6/11/2027,dev.patel@example.com
Zucchini,B3,0.5,6/13/2027,elena.rossi@example.com
Carrot,B6,1.3,6/13/2027,gabe.martinez@example.com
Basil,B1,1.3,6/18/2027,cam.nguyen@example.com
Zucchini,B3,3.2,6/21/2027,dev.patel@example.com
Bean,B3,2.6,6/22/2027,elena.rossi@example.com
Tomato,B5,3.1,6/24/2027,ben.okafor@example.com
Bean,B3,3.8,6/29/2027,dev.patel@example.com
Zucchini,B3,0.6,6/30/2027,maya.thompson@example.com
